0.000000, 1000.000000, -1.469930, 4.899766
0.300000, 999.559021, -4.409993, 9.800210
0.600000, 998.236023, -7.350057, 9.800211
0.900000, 996.031006, -10.290120, 9.800211
1.200000, 992.943970, -13.229980, 9.799531
1.500000, 988.974976, -16.169840, 9.799534
1.800000, 984.124023, -19.110107, 9.800892
2.100000, 978.390991, -22.049967, 9.799531
2.400000, 971.776001, -24.990030, 9.800211
2.700000, 964.278992, -27.929890, 9.799531
3.000000, 955.900024, -30.869953, 9.800211
3.300000, 946.639038, -33.810017, 9.800211
3.600000, 936.496033, -36.750080, 9.800211
3.900000, 925.471008, -39.689941, 9.799538
4.200000, 913.564026, -42.630005, 9.800211
4.500000, 900.775024, -45.570068, 9.800211
4.800000, 887.104004, -48.510128, 9.800199
5.100000, 872.550964, -51.449989, 9.799538
5.400001, 857.115967, -54.390053, 9.800211
5.700001, 840.798950, -57.330116, 9.800211
6.000001, 823.599915, -60.269978, 9.799538
6.300001, 805.518921, -63.210041, 9.800211
6.600001, 786.555908, -66.150101, 9.800199
6.900002, 766.710876, -69.089966, 9.799550
7.200002, 745.983887, -72.030029, 9.800211
7.500002, 724.374878, -74.970093, 9.800211
7.800002, 701.883850, -77.910156, 9.800211
8.100002, 678.510803, -80.850014, 9.799524
8.400002, 654.255798, -83.790077, 9.800211
8.700003, 629.118774, -86.730141, 9.800211
9.000003, 603.099731, -89.669998, 9.799524
9.300003, 576.198730, -92.610062, 9.800211
9.600003, 548.415710, -95.550125, 9.800211
9.900003, 519.750671, -98.490089, 9.799881
10.200004, 490.203644, -101.430153, 9.800211
10.500004, 459.774597, -104.370110, 9.799855
10.800004, 428.463562, -107.310074, 9.799881
11.100004, 396.270538, -110.250137, 9.800211
11.400004, 363.195496, -113.190102, 9.799881
11.700005, 329.238464, -116.130058, 9.799855
12.000005, 294.399445, -119.070122, 9.800211
12.300005, 258.678406, -122.010139, 9.800058
12.600005, 222.075363, -124.950096, 9.799855
12.900005, 184.590332, -127.890160, 9.800211
13.200006, 146.223282, -130.830124, 9.799881
13.500006, 106.974243, -133.770142, 9.800058
13.800006, 66.843201, -136.710144, 9.800008
14.100006, 25.830156, -139.650131, 9.799957
14.400006, -16.064888, -142.590149, 9.800058
14.700006, -58.841934, -145.530167, 9.800058
15.000007, -102.500984, -148.470123, 9.799855
15.300007, -147.042023, -151.410156, 9.800110
15.600007, -192.465073, -154.350174, 9.800058
15.900007, -238.770126, -157.289673, 9.798329
16.200006, -285.957031, -160.229691, 9.800058
16.500006, -334.025940, -163.169556, 9.799550
16.800005, -382.976807, -166.109619, 9.800211
17.100004, -432.809692, -169.049683, 9.800211
17.400003, -483.524597, -171.989532, 9.799500
17.700003, -535.121460, -174.929596, 9.800211
18.000002, -587.600342, -177.869461, 9.799550
18.300001, -640.961182, -180.809525, 9.800211
18.600000, -695.204041, -183.749588, 9.800211
18.900000, -750.328918, -186.689453, 9.799550
19.199999, -806.335754, -189.629517, 9.800211
19.499998, -863.224609, -192.569565, 9.800160
19.799997, -920.995483, -195.509430, 9.799550
20.099997, -979.648315, -198.449295, 9.799550
20.399996, -1039.183105, -201.389557, 9.800873
20.699995, -1099.599976, -204.329422, 9.799550
20.999994, -1160.898804, -207.269272, 9.799500
21.299994, -1223.079590, -210.209549, 9.800923
21.599993, -1286.142456, -213.149399, 9.799500
21.899992, -1350.087280, -216.089264, 9.799550
22.199991, -1414.914063, -219.029526, 9.800873
22.499990, -1480.622925, -221.969391, 9.799550
22.799990, -1547.213745, -224.909256, 9.799550
23.099989, -1614.686523, -227.849106, 9.799500
23.399988, -1683.041260, -230.789383, 9.800923
23.699987, -1752.278076, -233.729233, 9.799500
23.999987, -1822.396851, -236.669098, 9.799550
24.299986, -1893.397583, -239.609360, 9.800873
24.599985, -1965.280396, -242.549225, 9.799550
24.899984, -2038.045166, -245.489090, 9.799550
25.199984, -2111.691895, -248.429352, 9.800873
25.499983, -2186.220703, -251.368805, 9.798177
25.799982, -2261.631348, -254.309891, 9.803619
26.099981, -2337.924316, -257.248535, 9.795481
26.399981, -2415.098877, -260.189606, 9.803568
26.699980, -2493.155762, -263.129059, 9.798177
26.999979, -2572.094482, -266.069336, 9.800923
27.299978, -2651.915283, -269.008789, 9.798177
27.599977, -2732.617920, -271.949036, 9.800821
27.899977, -2814.202637, -274.889313, 9.800923
28.199976, -2896.669434, -277.828766, 9.798177
28.499975, -2980.018066, -280.769043, 9.800923
28.799974, -3064.248779, -283.709290, 9.800821
29.099974, -3149.361572, -286.648743, 9.798177
29.399973, -3235.356201, -289.589020, 9.800923
29.699972, -3322.232910, -292.529297, 9.800923
29.999971, -3409.991699, -295.468750, 9.798177
30.299971, -3498.632324, -298.408997, 9.800821
30.599970, -3588.155029, -301.348450, 9.798177
30.899969, -3678.559570, -304.289551, 9.803670
31.199968, -3769.846436, -307.228180, 9.795430
31.499968, -3862.014893, -310.169250, 9.803568
31.799967, -3955.065674, -313.111145, 9.806314
32.099968, -4048.999023, -316.048157, 9.790039
32.399967, -4143.813477, -318.989258, 9.803670
32.699966, -4239.510254, -321.928711, 9.798177
32.999966, -4336.088867, -324.868164, 9.798177
33.299965, -4433.549316, -327.809235, 9.803568
33.599964, -4531.892090, -330.748688, 9.798177
33.899963, -4631.116699, -333.689758, 9.803568
34.199963, -4731.223633, -336.627594, 9.792786
34.499962, -4832.211914, -339.568665, 9.803568
34.799961, -4934.082520, -342.509766, 9.803670
35.099960, -5036.835449, -345.449219, 9.798177
35.399960, -5140.470215, -348.388672, 9.798177
35.699959, -5244.986816, -351.328125, 9.798177
35.999958, -5350.385254, -354.269196, 9.803568
36.299957, -5456.666016, -357.208649, 9.798177
36.599957, -5563.828613, -360.148102, 9.798177
36.899956, -5671.873047, -363.089172, 9.803568
37.199955, -5780.799805, -366.028625, 9.798177
37.499954, -5890.608398, -368.968079, 9.798177
37.799953, -6001.298828, -371.909180, 9.803670
38.099953, -6112.871582, -374.846985, 9.792684
38.399952, -6225.325684, -377.789703, 9.809061
38.699951, -6338.662598, -380.727539, 9.792786
38.999950, -6452.880859, -383.668610, 9.803568
39.299950, -6567.981445, -386.609680, 9.803568
39.599949, -6683.964355, -389.547516, 9.792786
39.899948, -6800.828613, -392.488586, 9.803568
40.199947, -6918.575195, -395.428040, 9.798177
40.499947, -7037.203613, -398.369110, 9.803568
40.799946, -7156.714355, -401.308563, 9.798177
41.099945, -7277.106934, -404.248016, 9.798177
41.399944, -7398.381348, -407.189117, 9.803670
41.699944, -7520.538086, -410.128571, 9.798177
41.999943, -7643.576660, -413.068024, 9.798177
42.299942, -7767.497070, -416.007477, 9.798177
42.599941, -7892.299316, -418.948547, 9.803568
42.899940, -8017.983887, -421.888000, 9.798177
43.199940, -8144.550293, -424.829071, 9.803568
43.499939, -8271.999023, -427.766907, 9.792786
43.799938, -8400.329102, -430.709625, 9.809061
44.099937, -8529.541992, -433.649078, 9.798177
44.399937, -8659.636719, -436.588531, 9.798177
44.699936, -8790.613281, -439.527985, 9.798177
44.999935, -8922.471680, -442.467438, 9.798177
45.299934, -9055.211914, -445.406891, 9.798177
45.599934, -9188.833984, -448.349579, 9.808960
45.899933, -9323.338867, -451.289032, 9.798177
46.199932, -9458.725586, -454.228485, 9.798177
46.499931, -9594.994141, -457.167938, 9.798177
46.799931, -9732.144531, -460.107391, 9.798177
47.099930, -9870.176758, -463.046844, 9.798177
47.399929, -10009.090820, -465.989563, 9.809061
47.699928, -10148.887695, -468.925751, 9.787292
47.999928, -10289.565430, -471.868469, 9.809061
48.299927, -10431.125977, -474.807922, 9.798177
48.599926, -10573.568359, -477.750641, 9.809061
48.899925, -10716.893555, -480.686829, 9.787292
49.199924, -10861.099609, -483.629547, 9.809061
49.499924, -11006.188477, -486.565735, 9.787292
49.799923, -11152.158203, -489.508453, 9.809061
50.099922, -11299.010742, -492.447906, 9.798177
50.399921, -11446.745117, -495.387360, 9.798177
50.699921, -11595.361328, -498.330048, 9.808960
50.999920, -11744.860352, -501.266266, 9.787394
51.299919, -11895.240234, -504.208954, 9.808960
51.599918, -12046.502930, -507.148407, 9.798177
51.899918, -12198.647461, -510.087860, 9.798177
52.199917, -12351.673828, -513.027344, 9.798279
52.499916, -12505.582031, -515.966797, 9.798177
52.799915, -12660.372070, -518.909485, 9.808960
53.099915, -12816.044922, -521.845703, 9.787394
53.399914, -12972.598633, -524.788391, 9.808960
53.699913, -13130.035156, -527.727844, 9.798177
53.999912, -13288.353516, -530.667297, 9.798177
54.299911, -13447.553711, -533.609985, 9.808960
54.599911, -13607.636719, -536.546204, 9.787394
54.899910, -13768.600586, -539.488892, 9.808960
55.199909, -13930.447266, -542.425110, 9.787394
55.499908, -14093.174805, -545.367798, 9.808960
55.799908, -14256.785156, -548.307251, 9.798177
56.099907, -14421.277344, -551.250000, 9.809163
56.399906, -14586.652344, -554.186157, 9.787190
56.699905, -14752.908203, -557.128906, 9.809163
56.999905, -14920.046875, -560.068359, 9.798177
57.299904, -15088.067383, -563.007813, 9.798177
57.599903, -15256.969727, -565.947266, 9.798177
57.899902, -15426.753906, -568.886719, 9.798177
58.199902, -15597.419922, -571.826172, 9.798177
58.499901, -15768.967773, -574.768860, 9.808960
58.799900, -15941.398438, -577.708313, 9.798177
59.099899, -16114.710938, -580.647766, 9.798177
59.399899, -16288.905273, -583.583984, 9.787394
59.699898, -16463.980469, -586.529907, 9.819742
59.999897, -16639.939453, -589.466125, 9.787394
60.299896, -16816.779297, -592.408813, 9.808960
60.599895, -16994.501953, -595.345032, 9.787394
60.899895, -17173.105469, -598.287720, 9.808960
61.199894, -17352.591797, -601.230469, 9.809163
61.499893, -17532.960938, -604.166626, 9.787190
61.799892, -17714.210938, -607.109375, 9.809163
62.099892, -17896.343750, -610.045532, 9.787190
62.399891, -18079.357422, -612.988281, 9.809163
62.699890, -18263.253906, -615.924438, 9.787190
62.999889, -18448.031250, -618.867188, 9.809163
63.299889, -18633.691406, -621.809875, 9.808960
63.599888, -18820.234375, -624.746094, 9.787394
63.899887, -19007.658203, -627.695313, 9.830729
64.199890, -19195.966797, -630.638000, 9.808960
64.499893, -19385.158203, -633.574219, 9.787394
64.799896, -19575.230469, -636.516907, 9.808960
65.099899, -19766.185547, -639.453125, 9.787394
65.399902, -19958.021484, -642.395813, 9.808960
65.699905, -20150.740234, -645.332031, 9.787394
65.999908, -20344.339844, -648.281250, 9.830729
66.299911, -20538.824219, -651.210938, 9.765625
66.599915, -20734.187500, -654.160156, 9.830729
66.899918, -20930.435547, -657.096313, 9.787190
67.199921, -21127.564453, -660.032532, 9.787394
67.499924, -21325.574219, -662.975220, 9.808960
67.799927, -21524.466797, -665.917969, 9.809163
68.099930, -21724.242188, -668.854126, 9.787190
68.399933, -21924.898438, -671.796875, 9.809163
68.699936, -22126.437500, -674.739563, 9.808960
68.999939, -22328.859375, -677.675781, 9.787394
69.299942, -22532.162109, -680.611938, 9.787190
69.599945, -22736.345703, -683.561157, 9.830729
69.899948, -22941.414063, -686.497375, 9.787394
70.199951, -23147.363281, -689.433594, 9.787394
70.499954, -23354.193359, -692.376282, 9.808960
70.799957, -23561.906250, -695.318970, 9.808960
71.099960, -23770.501953, -698.255188, 9.787394
71.399963, -23979.978516, -701.197876, 9.808960
71.699966, -24190.337891, -704.134094, 9.787394
71.999969, -24401.578125, -707.076782, 9.808960
72.299973, -24613.701172, -710.019531, 9.809163
72.599976, -24826.707031, -712.955688, 9.787190
72.899979, -25040.593750, -715.898438, 9.809163
73.199982, -25255.363281, -718.834595, 9.787190
73.499985, -25471.013672, -721.777344, 9.809163
73.799988, -25687.546875, -724.720032, 9.808960
74.099991, -25904.962891, -727.656250, 9.787394
74.399994, -26123.259766, -730.598938, 9.808960
74.699997, -26342.439453, -733.535156, 9.787394
75.000000, -26562.500000, -736.477844, 9.808960
75.300003, -26783.443359, -739.414063, 9.787394
75.600006, -27005.267578, -742.363281, 9.830729
75.900009, -27227.976563, -745.292969, 9.765625
76.200012, -27451.564453, -748.242188, 9.830729
76.500015, -27676.037109, -751.178345, 9.787190
76.800018, -27901.390625, -754.114563, 9.787394
77.100021, -28127.625000, -757.057251, 9.808960
77.400024, -28354.742188, -760.000000, 9.809163
77.700027, -28582.742188, -762.936157, 9.787190
78.000031, -28811.623047, -765.878906, 9.809163
78.300034, -29041.386719, -768.815063, 9.787190
78.600037, -29272.031250, -771.764282, 9.830729
78.900040, -29503.560547, -774.693970, 9.765625
79.200043, -29735.968750, -777.636658, 9.808960
79.500046, -29969.259766, -780.579407, 9.809163
79.800049, -30203.433594, -783.522095, 9.808960
80.100052, -30438.490234, -786.458313, 9.787394
80.400055, -30674.427734, -789.394470, 9.787190
80.700058, -30911.246094, -792.343689, 9.830729
81.000061, -31148.949219, -795.273376, 9.765625
81.300064, -31387.531250, -798.222595, 9.830729
81.600067, -31626.998047, -801.158813, 9.787394
81.900070, -31867.345703, -804.095032, 9.787394
82.200073, -32108.574219, -807.044250, 9.830729
82.500076, -32350.687500, -809.973938, 9.765625
82.800079, -32593.679688, -812.916626, 9.808960
83.100082, -32837.554688, -815.859314, 9.808960
83.400085, -33082.312500, -818.802063, 9.809163
83.700089, -33327.953125, -821.744751, 9.808960
84.000092, -33574.476563, -824.674438, 9.765625
84.300095, -33821.878906, -827.617126, 9.808960
84.600098, -34070.164063, -830.559875, 9.809163
84.900101, -34319.332031, -833.502563, 9.808960
85.200104, -34569.382813, -836.445251, 9.808960
85.500107, -34820.316406, -839.374939, 9.765625
85.800110, -35072.128906, -842.317688, 9.809163
86.100113, -35324.824219, -845.260376, 9.808960
86.400116, -35578.402344, -848.203064, 9.808960
86.700119, -35832.863281, -851.132751, 9.765625
87.000122, -36088.203125, -854.088501, 9.852498
87.300125, -36344.429688, -857.018188, 9.765625
87.600128, -36601.535156, -859.960876, 9.808960
87.900131, -36859.523438, -862.890564, 9.765625
88.200134, -37118.390625, -865.846313, 9.852498
88.500137, -37378.144531, -868.776001, 9.765625
88.800140, -37638.777344, -871.718689, 9.808960
89.100143, -37900.292969, -874.661438, 9.809163
89.400146, -38162.691406, -877.604126, 9.808960
89.700150, -38425.972656, -880.533813, 9.765625
90.000153, -38690.132813, -883.489563, 9.852498
90.300156, -38955.179688, -886.419250, 9.765625
90.600159, -39221.105469, -889.361938, 9.808960
90.900162, -39487.914063, -892.291626, 9.765625
91.200165, -39755.601563, -895.247375, 9.852498
91.500168, -40024.175781, -898.177063, 9.765625
91.800171, -40293.628906, -901.119751, 9.808960
92.100174, -40563.964844, -904.062439, 9.808960
92.400177, -40835.183594, -907.005188, 9.809163
92.700180, -41107.285156, -909.934875, 9.765625
93.000183, -41380.265625, -912.890564, 9.852295
93.300186, -41654.132813, -915.820251, 9.765625
93.600189, -41928.878906, -918.763000, 9.809163
93.900192, -42204.507813, -921.692688, 9.765625
94.200195, -42481.015625, -924.648376, 9.852295
94.500198, -42758.410156, -927.578064, 9.765625
94.800201, -43036.683594, -930.520813, 9.809163
95.100204, -43315.839844, -933.463501, 9.808960
95.400208, -43595.878906, -936.393188, 9.765625
95.700211, -43876.796875, -939.348938, 9.852498
96.000214, -44158.601563, -942.278625, 9.765625
96.300217, -44441.285156, -945.221313, 9.808960
96.600220, -44724.851563, -948.164001, 9.808960
96.900223, -45009.300781, -951.106750, 9.809163
97.200226, -45294.632813, -954.036438, 9.765625
97.500229, -45580.843750, -956.979126, 9.808960
97.800232, -45867.937500, -959.921814, 9.808960
98.100235, -46155.914063, -962.864563, 9.809163
98.400238, -46444.773438, -965.807251, 9.808960
98.700241, -46734.515625, -968.736938, 9.765625
99.000244, -47025.136719, -971.679626, 9.808960
99.300247, -47316.640625, -974.622375, 9.809163
99.600250, -47609.027344, -977.565063, 9.808960
99.900253, -47902.296875, -980.507751, 9.808960
100.200256, -48196.449219, -983.437439, 9.765625
100.500259, -48491.480469, -986.380188, 9.809163
100.800262, -48787.394531, -989.322876, 9.808960
101.100266, -49084.191406, -992.265564, 9.808960
101.400269, -49381.871094, -995.208313, 9.809163
101.700272, -49680.433594, -998.138000, 9.765625
102.000275, -49979.875000, -1001.080688, 9.808960
102.300278, -50280.199219, -1004.023376, 9.808960
102.600281, -50581.406250, -1006.966125, 9.809163
102.900284, -50883.496094, -1009.895813, 9.765625
103.200287, -51186.464844, -1012.851501, 9.852295
103.500290, -51490.320313, -1015.781189, 9.765625
103.800293, -51795.054688, -1018.723938, 9.809163
104.100296, -52100.671875, -1021.666626, 9.808960
104.400299, -52407.171875, -1024.596313, 9.765625
104.700302, -52714.550781, -1027.539063, 9.809163
105.000305, -53022.812500, -1030.494751, 9.852295
105.300308, -53331.960938, -1033.411377, 9.722086
105.600311, -53641.984375, -1036.367188, 9.852701
105.900314, -53952.894531, -1039.309814, 9.808756
106.200317, -54264.687500, -1042.239502, 9.765625
106.500320, -54577.359375, -1045.182251, 9.809163
106.800323, -54890.914063, -1048.125000, 9.809163
107.100327, -55205.351563, -1051.067627, 9.808756
107.400330, -55520.671875, -1053.997314, 9.765625
107.700333, -55836.871094, -1056.953125, 9.852701
108.000336, -56153.957031, -1059.882813, 9.765625
108.300339, -56471.921875, -1062.825439, 9.808756
108.600342, -56790.769531, -1065.755127, 9.765625
108.900345, -57110.496094, -1068.710938, 9.852701
109.200348, -57431.109375, -1071.640625, 9.765625
109.500351, -57752.601563, -1074.583252, 9.808756
109.800354, -58074.976563, -1077.526001, 9.809163
110.100357, -58398.234375, -1080.468750, 9.809163
110.400360, -58722.375000, -1083.398438, 9.765625
110.700363, -59047.394531, -1086.341064, 9.808756
111.000366, -59373.296875, -1089.283813, 9.809163
111.300369, -59700.082031, -1092.226563, 9.809163
111.600372, -60027.750000, -1095.169189, 9.808756
111.900375, -60356.300781, -1098.098877, 9.765625
112.200378, -60685.730469, -1101.054688, 9.852701
112.500381, -61016.046875, -1103.984375, 9.765625
112.800385, -61347.242188, -1106.927002, 9.808756
113.100388, -61679.320313, -1109.856689, 9.765625
113.400391, -62012.277344, -1112.812500, 9.852701
113.700394, -62346.121094, -1115.742188, 9.765625
114.000397, -62680.843750, -1118.684814, 9.808756
114.300400, -63016.449219, -1121.627563, 9.809163
114.600403, -63352.937500, -1124.557251, 9.765625
114.900406, -63690.304688, -1127.512939, 9.852295
115.200409, -64028.558594, -1130.442627, 9.765625
115.500412, -64367.691406, -1133.385376, 9.809163
115.800415, -64707.707031, -1136.328125, 9.809163
116.100418, -65048.605469, -1139.257813, 9.765625
116.400421, -65390.382813, -1142.213501, 9.852295
116.700424, -65733.046875, -1145.156250, 9.809163
117.000427, -66076.593750, -1148.072876, 9.722086
117.300430, -66421.015625, -1151.015625, 9.809163
117.600433, -66766.320313, -1153.984375, 9.895833
117.900436, -67112.515625, -1156.901001, 9.722086
118.200439, -67459.585938, -1159.843750, 9.809163
118.500443, -67807.539063, -1162.786377, 9.808756
118.800446, -68156.375000, -1165.729126, 9.809163
119.100449, -68506.093750, -1168.671875, 9.809163
119.400452, -68856.695313, -1171.588501, 9.722086
119.700455, -69208.171875, -1174.557251, 9.895833
120.000458, -69560.539063, -1177.473877, 9.722086
120.300461, -69913.781250, -1180.442627, 9.895833
120.600464, -70267.914063, -1183.359375, 9.722493
120.900467, -70622.921875, -1186.302002, 9.808756
121.200470, -70978.812500, -1189.244751, 9.809163
121.500473, -71335.585938, -1192.187500, 9.809163
121.800476, -71693.242188, -1195.130127, 9.808756
122.100479, -72051.781250, -1198.072876, 9.809163
122.400482, -72411.203125, -1201.015625, 9.809163
122.700485, -72771.507813, -1203.932251, 9.722086
123.000488, -73132.687500, -1206.901001, 9.895833
123.300491, -73494.757813, -1209.817627, 9.722086
123.600494, -73857.703125, -1212.760376, 9.809163
123.900497, -74221.531250, -1215.703125, 9.809163
124.200500, -74586.242188, -1218.645752, 9.808756
124.500504, -74951.835938, -1221.588501, 9.809163
124.800507, -75318.312500, -1224.531250, 9.809163
125.100510, -75685.671875, -1227.473877, 9.808756
125.400513, -76053.914063, -1230.416626, 9.809163
125.700516, -76423.039063, -1233.333252, 9.722086
126.000519, -76793.039063, -1236.302002, 9.895833
126.300522, -77163.929688, -1239.218750, 9.722493
126.600525, -77535.695313, -1242.161377, 9.808756
126.900528, -77908.343750, -1245.104126, 9.809163
127.200531, -78281.875000, -1248.046875, 9.809163
127.500534, -78656.289063, -1250.989502, 9.808756
127.800537, -79031.585938, -1253.932251, 9.809163
128.100540, -79407.765625, -1256.875000, 9.809163
128.400543, -79784.828125, -1259.817627, 9.808756
128.700546, -80162.773438, -1262.734375, 9.722493
129.000549, -80541.593750, -1265.703125, 9.895833
129.300552, -80921.304688, -1268.619751, 9.722086
129.600555, -81301.890625, -1271.562500, 9.809163
129.900558, -81683.359375, -1274.505127, 9.808756
130.200562, -82065.710938, -1277.447876, 9.809163
130.500565, -82448.945313, -1280.390625, 9.809163
130.800568, -82833.062500, -1283.333252, 9.808756
131.100571, -83218.062500, -1286.276001, 9.809163
131.400574, -83603.945313, -1289.192627, 9.722086
131.700577, -83990.703125, -1292.161377, 9.895833
132.000580, -84378.351563, -1295.078125, 9.722493
132.300583, -84766.875000, -1298.046875, 9.895833
132.600586, -85156.289063, -1300.963501, 9.722086
132.900589, -85546.578125, -1303.906250, 9.809163
133.200592, -85937.750000, -1306.848877, 9.808756
133.500595, -86329.804688, -1309.791626, 9.809163
133.800598, -86722.742188, -1312.734375, 9.809163
134.100601, -87116.562500, -1315.651001, 9.722086
134.400604, -87511.257813, -1318.619751, 9.895833
134.700607, -87906.843750, -1321.536377, 9.722086
135.000610, -88303.304688, -1324.505127, 9.895833
135.300613, -88700.656250, -1327.421875, 9.722493
135.600616, -89098.882813, -1330.364502, 9.808756
135.900620, -89497.992188, -1333.307251, 9.809163
136.200623, -89897.984375, -1336.250000, 9.809163
136.500626, -90298.859375, -1339.192627, 9.808756
136.800629, -90700.617188, -1342.135376, 9.809163
137.100632, -91103.257813, -1345.078125, 9.809163
137.400635, -91506.781250, -1347.994751, 9.722086
137.700638, -91911.179688, -1350.963501, 9.895833
138.000641, -92316.468750, -1353.880127, 9.722086
138.300644, -92722.632813, -1356.822876, 9.809163
138.600647, -93129.679688, -1359.791626, 9.895833
138.900650, -93537.617188, -1362.708252, 9.722086
139.200653, -93946.429688, -1365.651001, 9.809163
139.500656, -94356.125000, -1368.567627, 9.722086
139.800659, -94766.695313, -1371.536377, 9.895833
140.100662, -95178.156250, -1374.479126, 9.809163
140.400665, -95590.500000, -1377.395752, 9.722086
140.700668, -96003.718750, -1380.364502, 9.895833
141.000671, -96417.828125, -1383.281250, 9.722493
141.300674, -96832.812500, -1386.250000, 9.895833
141.600677, -97248.687500, -1389.166626, 9.722086
141.900681, -97665.437500, -1392.109375, 9.809163
142.200684, -98083.070313, -1395.052002, 9.808756
142.500687, -98501.585938, -1397.994751, 9.809163
142.800690, -98920.984375, -1400.911377, 9.722086
143.100693, -99341.257813, -1403.880127, 9.895833
143.400696, -99762.421875, -1406.822876, 9.809163
143.700699, -100184.468750, -1409.739502, 9.722086
144.000702, -100607.390625, -1412.682251, 9.809163
144.300705, -101031.195313, -1415.651001, 9.895833
144.600708, -101455.890625, -1418.567627, 9.722086
144.900711, -101881.460938, -1421.510376, 9.809163
145.200714, -102307.914063, -1424.453125, 9.809163
145.500717, -102735.250000, -1427.395752, 9.808756
145.800720, -103163.468750, -1430.312500, 9.722493
146.100723, -103592.562500, -1433.281250, 9.895833
146.400726, -104022.546875, -1436.197876, 9.722086
146.700729, -104453.406250, -1439.166626, 9.895833
147.000732, -104885.156250, -1442.083252, 9.722086
147.300735, -105317.781250, -1445.026001, 9.809163
147.600739, -105751.289063, -1447.994751, 9.895833
147.900742, -106185.687500, -1450.911377, 9.722086
148.200745, -106620.960938, -1453.828125, 9.722493
148.500748, -107057.109375, -1456.796875, 9.895833
148.800751, -107494.148438, -1459.739502, 9.808756
149.100754, -107932.070313, -1462.682251, 9.809163
149.400757, -108370.875000, -1465.598877, 9.722086
149.700760, -108810.554688, -1468.567627, 9.895833
150.000763, -109251.125000, -1471.484375, 9.722493
150.300766, -109692.570313, -1474.427002, 9.808756
150.600769, -110134.898438, -1477.369751, 9.809163
150.900772, -110578.109375, -1480.312500, 9.809163
151.200775, -111022.203125, -1483.255127, 9.808756
151.500778, -111467.179688, -1486.197876, 9.809163
151.800781, -111913.039063, -1489.140625, 9.809163
152.100784, -112359.781250, -1492.057251, 9.722086
152.400787, -112807.398438, -1495.026001, 9.895833
152.700790, -113255.906250, -1497.942627, 9.722086
153.000793, -113705.289063, -1500.885376, 9.809163
153.300797, -114155.554688, -1503.854126, 9.895833
153.600800, -114606.710938, -1506.770752, 9.722086
153.900803, -115058.742188, -1509.713501, 9.809163
154.200806, -115511.656250, -1512.656250, 9.809163
154.500809, -115965.453125, -1515.572876, 9.722086
154.800812, -116420.125000, -1518.541626, 9.895833
155.100815, -116875.687500, -1521.484375, 9.809163
155.400818, -117332.132813, -1524.401001, 9.722086
155.700821, -117789.453125, -1527.343750, 9.809163
156.000824, -118247.656250, -1530.312500, 9.895833
156.300827, -118706.750000, -1533.229126, 9.722086
156.600830, -119166.718750, -1536.171753, 9.808756
156.900833, -119627.570313, -1539.114502, 9.809163
157.200836, -120089.304688, -1542.057251, 9.809163
157.500839, -120551.921875, -1544.999878, 9.808756
157.800842, -121015.421875, -1547.916626, 9.722493
158.100845, -121479.796875, -1550.885376, 9.895833
158.400848, -121945.062500, -1553.802002, 9.722086
158.700851, -122411.203125, -1556.770752, 9.895833
159.000854, -122878.234375, -1559.687378, 9.722086
159.300858, -123346.140625, -1562.630127, 9.809163
159.600861, -123814.929688, -1565.572876, 9.809163
159.900864, -124284.601563, -1568.515503, 9.808756
160.200867, -124755.156250, -1571.458252, 9.809163
160.500870, -125226.593750, -1574.401001, 9.809163
160.800873, -125698.914063, -1577.317627, 9.722086
161.100876, -126172.109375, -1580.286377, 9.895833
161.400879, -126646.195313, -1583.203003, 9.722086
161.700882, -127121.156250, -1586.171753, 9.895833
162.000885, -127597.007813, -1589.088501, 9.722493
162.300888, -128073.734375, -1592.031128, 9.808756
162.600891, -128551.343750, -1594.973877, 9.809163
162.900894, -129029.835938, -1597.916626, 9.809163
163.200897, -129509.210938, -1600.859253, 9.808756
163.500900, -129989.468750, -1603.802002, 9.809163
163.800903, -130470.609375, -1606.718628, 9.722086
164.100906, -130952.625000, -1609.687378, 9.895833
164.400909, -131435.531250, -1612.604126, 9.722493
164.700912, -131919.312500, -1615.572876, 9.895833
165.000916, -132403.984375, -1618.489502, 9.722086
165.300919, -132889.531250, -1621.406128, 9.722086
165.600922, -133375.953125, -1624.374878, 9.895833
165.900925, -133863.265625, -1627.343628, 9.895833
166.200928, -134351.468750, -1630.260376, 9.722493
166.500931, -134840.546875, -1633.177002, 9.722086
166.800934, -135330.500000, -1636.145752, 9.895833
167.100937, -135821.343750, -1639.062378, 9.722086
167.400940, -136313.062500, -1642.031128, 9.895833
167.700943, -136805.671875, -1644.947876, 9.722493
168.000946, -137299.156250, -1647.916626, 9.895833
168.300949, -137793.531250, -1650.833252, 9.722086
168.600952, -138288.781250, -1653.749878, 9.722086
168.900955, -138784.906250, -1656.718628, 9.895833
169.200958, -139281.921875, -1659.687378, 9.895833
169.500961, -139779.828125, -1662.552002, 9.548746
169.800964, -140278.593750, -1665.572876, 10.069580
170.100967, -140778.265625, -1668.437378, 9.548340
170.400970, -141278.796875, -1671.458252, 10.069580
170.700974, -141780.234375, -1674.322876, 9.548746
171.000977, -142282.531250, -1677.291626, 9.895833
171.300980, -142785.718750, -1680.260376, 9.895833
171.600983, -143289.796875, -1683.177002, 9.722086
171.900986, -143794.750000, -1686.093628, 9.722086
172.200989, -144300.578125, -1689.062378, 9.895833
172.500992, -144807.296875, -1692.031128, 9.895833
172.800995, -145314.906250, -1694.895752, 9.548746
173.100998, -145823.375000, -1697.916626, 10.069580
173.401001, -146332.750000, -1700.781128, 9.548340
173.701004, -146842.984375, -1703.802002, 10.069580
174.001007, -147354.125000, -1706.666626, 9.548746
174.301010, -147866.125000, -1709.635376, 9.895833
174.601013, -148379.015625, -1712.604126, 9.895833
174.901016, -148892.796875, -1715.520752, 9.722086
175.201019, -149407.453125, -1718.437378, 9.722086
175.501022, -149922.984375, -1721.406128, 9.895833
175.801025, -150439.406250, -1724.322876, 9.722493
176.101028, -150956.703125, -1727.291626, 9.895833
176.401031, -151474.890625, -1730.208252, 9.722086
176.701035, -151993.953125, -1733.177002, 9.895833
177.001038, -152513.906250, -1736.093628, 9.722086
177.301041, -153034.734375, -1739.010376, 9.722493
177.601044, -153556.437500, -1741.979126, 9.895833
177.901047, -154079.031250, -1744.947876, 9.895833
178.201050, -154602.515625, -1747.812378, 9.548340
178.501053, -155126.859375, -1750.833252, 10.069580
178.801056, -155652.109375, -1753.749878, 9.722086
179.101059, -156178.234375, -1756.666626, 9.722493
179.401062, -156705.234375, -1759.583252, 9.722086
179.701065, -157233.109375, -1762.604126, 10.069580
180.001068, -157761.890625, -1765.468628, 9.548340
180.301071, -158291.531250, -1768.437378, 9.895833
180.601074, -158822.062500, -1771.406128, 9.895833
180.901077, -159353.484375, -1774.322876, 9.722493
181.201080, -159885.781250, -1777.239502, 9.722086
181.501083, -160418.953125, -1780.208252, 9.895833
181.801086, -160953.015625, -1783.124878, 9.722086
182.101089, -161487.953125, -1786.093628, 9.895833
182.401093, -162023.781250, -1789.010376, 9.722493
182.701096, -162560.484375, -1791.927002, 9.722086
183.001099, -163098.062500, -1794.947876, 10.069580
183.301102, -163636.546875, -1797.812378, 9.548340
183.601105, -164175.890625, -1800.781128, 9.895833
183.901108, -164716.125000, -1803.697876, 9.722493
184.201111, -165257.234375, -1806.666626, 9.895833
184.501114, -165799.234375, -1809.635376, 9.895833
184.801117, -166342.125000, -1812.499878, 9.548340
185.101120, -166885.875000, -1815.520752, 10.069580
185.401123, -167430.531250, -1818.385376, 9.548746
185.701126, -167976.046875, -1821.354126, 9.895833
186.001129, -168522.453125, -1824.322876, 9.895833
186.301132, -169069.750000, -1827.239502, 9.722086
186.601135, -169617.921875, -1830.156128, 9.722086
186.901138, -170166.968750, -1833.124878, 9.895833
187.201141, -170716.906250, -1836.093628, 9.895833
187.501144, -171267.734375, -1838.958252, 9.548746
187.801147, -171819.421875, -1841.979126, 10.069580
188.101151, -172372.015625, -1844.843628, 9.548340
188.401154, -172925.468750, -1847.812378, 9.895833
188.701157, -173479.812500, -1850.781128, 9.895833
189.001160, -174035.046875, -1853.697876, 9.722493
189.301163, -174591.156250, -1856.666626, 9.895833
189.601166, -175148.156250, -1859.583252, 9.722086
189.901169, -175706.031250, -1862.499878, 9.722086
190.201172, -176264.781250, -1865.468628, 9.895833
190.501175, -176824.421875, -1868.385376, 9.722493
190.801178, -177384.937500, -1871.354126, 9.895833
191.101181, -177946.343750, -1874.270752, 9.722086
191.401184, -178508.625000, -1877.239502, 9.895833
191.701187, -179071.796875, -1880.156128, 9.722086
192.001190, -179635.843750, -1883.072876, 9.722493
192.301193, -180200.765625, -1886.041626, 9.895833
192.601196, -180766.578125, -1889.010376, 9.895833
192.901199, -181333.281250, -1891.927002, 9.722086
193.201202, -181900.859375, -1894.843628, 9.722086
193.501205, -182469.312500, -1897.812378, 9.895833
193.801208, -183038.656250, -1900.729126, 9.722493
194.101212, -183608.875000, -1903.697876, 9.895833
194.401215, -184179.984375, -1906.614502, 9.722086
194.701218, -184751.968750, -1909.531128, 9.722086
195.001221, -185324.828125, -1912.499878, 9.895833
195.301224, -185898.578125, -1915.468628, 9.895833
195.601227, -186473.218750, -1918.385376, 9.722493
195.901230, -187048.734375, -1921.302002, 9.722086
196.201233, -187625.125000, -1924.270752, 9.895833
196.501236, -188202.406250, -1927.187378, 9.722086
196.801239, -188780.562500, -1930.156128, 9.895833
197.101242, -189359.609375, -1933.072876, 9.722493
197.401245, -189939.531250, -1936.041626, 9.895833
197.701248, -190520.343750, -1938.958252, 9.722086
198.001251, -191102.031250, -1941.874878, 9.722086
198.301254, -191684.593750, -1944.843628, 9.895833
198.601257, -192268.046875, -1947.812378, 9.895833
198.901260, -192852.390625, -1950.729126, 9.722493
199.201263, -193437.609375, -1953.645752, 9.722086
199.501266, -194023.703125, -1956.614502, 9.895833
199.801270, -194610.687500, -1959.531128, 9.722086
200.101273, -195198.546875, -1962.499878, 9.895833
200.401276, -195787.296875, -1965.416626, 9.722493
200.701279, -196376.921875, -1968.333252, 9.722086
201.001282, -196967.421875, -1971.302002, 9.895833
201.301285, -197558.812500, -1974.270752, 9.895833
201.601288, -198151.093750, -1977.187378, 9.722086
201.901291, -198744.250000, -1980.104126, 9.722493
202.201294, -199338.281250, -1983.072876, 9.895833
202.501297, -199933.203125, -1985.989502, 9.722086
202.801300, -200529.000000, -1988.958252, 9.895833
203.101303, -201125.687500, -1991.874878, 9.722086
203.401306, -201723.250000, -1994.791626, 9.722493
203.701309, -202321.687500, -1997.812378, 10.069173
204.001312, -202921.031250, -2000.677002, 9.548746
204.301315, -203521.234375, -2003.645752, 9.895833
204.601318, -204122.328125, -2006.562378, 9.722086
204.901321, -204724.296875, -2009.531128, 9.895833
205.201324, -205327.156250, -2012.499878, 9.895833
205.501328, -205930.906250, -2015.364502, 9.548746
205.801331, -206535.515625, -2018.333252, 9.895833
206.101334, -207141.015625, -2021.302002, 9.895833
206.401337, -207747.406250, -2024.218628, 9.722086
206.701340, -208354.671875, -2027.187378, 9.895833
207.001343, -208962.828125, -2030.104126, 9.722493
207.301346, -209571.859375, -2033.020752, 9.722086
207.601349, -210181.765625, -2035.989502, 9.895833
207.901352, -210792.562500, -2038.906128, 9.722086
208.201355, -211404.234375, -2041.874878, 9.895833
208.501358, -212016.796875, -2044.791626, 9.722493
208.801361, -212630.234375, -2047.760376, 9.895833
209.101364, -213244.562500, -2050.677002, 9.722086
209.401367, -213859.765625, -2053.645752, 9.895833
209.701370, -214475.859375, -2056.562500, 9.722493
210.001373, -215092.828125, -2059.479004, 9.721680
210.301376, -215710.671875, -2062.447754, 9.895833
210.601379, -216329.406250, -2065.416504, 9.895833
210.901382, -216949.031250, -2068.333252, 9.722493
211.201385, -217569.531250, -2071.250000, 9.722493
211.501389, -218190.906250, -2074.218750, 9.895833
211.801392, -218813.171875, -2077.135254, 9.721680
212.101395, -219436.312500, -2080.052002, 9.722493
212.401398, -220060.328125, -2083.020752, 9.895833
212.701401, -220685.234375, -2085.989502, 9.895833
213.001404, -221311.031250, -2088.906250, 9.722493
213.301407, -221937.703125, -2091.822754, 9.721680
213.601410, -222565.250000, -2094.791504, 9.895833
213.901413, -223193.687500, -2097.760254, 9.895833
214.201416, -223823.015625, -2100.625000, 9.549153
214.501419, -224453.203125, -2103.645752, 10.069173
214.801422, -225084.296875, -2106.510254, 9.548340
215.101425, -225716.250000, -2109.479004, 9.895833
215.401428, -226349.093750, -2112.447754, 9.895833
215.701431, -226982.828125, -2115.364502, 9.722493
216.001434, -227617.437500, -2118.281250, 9.722493
216.301437, -228252.921875, -2121.250000, 9.895833
216.601440, -228889.296875, -2124.218750, 9.895833
216.901443, -229526.562500, -2127.083252, 9.548340
217.201447, -230164.687500, -2130.104004, 10.069173
217.501450, -230803.718750, -2132.968750, 9.549153
217.801453, -231443.609375, -2135.989502, 10.069173
218.101456, -232084.406250, -2138.854004, 9.548340
218.401459, -232726.062500, -2141.822754, 9.895833
218.701462, -233368.609375, -2144.791504, 9.895833
219.001465, -234012.046875, -2147.708252, 9.722493
219.301468, -234656.359375, -2150.625000, 9.722493
219.601471, -235301.546875, -2153.593750, 9.895833
219.901474, -235947.625000, -2156.510254, 9.721680
220.201477, -236594.578125, -2159.479004, 9.895833
220.501480, -237242.421875, -2162.395752, 9.722493
220.801483, -237891.140625, -2165.364502, 9.895833
221.101486, -238540.750000, -2168.281250, 9.722493
221.401489, -239191.234375, -2171.250000, 9.895833
221.701492, -239842.609375, -2174.166504, 9.721680
222.001495, -240494.859375, -2177.083252, 9.722493
222.301498, -241147.984375, -2180.052002, 9.895833
222.601501, -241802.000000, -2182.968750, 9.722493
222.901505, -242456.890625, -2185.937500, 9.895833
223.201508, -243112.671875, -2188.854004, 9.721680
223.501511, -243769.328125, -2191.822754, 9.895833
223.801514, -244426.875000, -2194.739502, 9.722493
224.101517, -245085.296875, -2197.708252, 9.895833
224.401520, -245744.609375, -2200.625000, 9.722493
224.701523, -246404.796875, -2203.541504, 9.721680
225.001526, -247065.859375, -2206.510254, 9.895833
225.301529, -247727.812500, -2209.479004, 9.895833
225.601532, -248390.656250, -2212.395752, 9.722493
225.901535, -249054.375000, -2215.312500, 9.722493
226.201538, -249718.968750, -2218.281250, 9.895833
226.501541, -250384.453125, -2221.197754, 9.721680
226.801544, -251050.812500, -2224.114502, 9.722493
227.101547, -251718.046875, -2227.083252, 9.895833
227.401550, -252386.171875, -2230.052002, 9.895833
227.701553, -253055.187500, -2232.968750, 9.722493
228.001556, -253725.078125, -2235.885254, 9.721680
228.301559, -254395.843750, -2238.854004, 9.895833
228.601563, -255067.500000, -2241.822754, 9.895833
228.901566, -255740.046875, -2244.687500, 9.549153
229.201569, -256413.453125, -2247.708252, 10.069173
229.501572, -257087.765625, -2250.572754, 9.548340
229.801575, -257762.937500, -2253.541504, 9.895833
230.101578, -258439.000000, -2256.510254, 9.895833
230.401581, -259115.953125, -2259.427002, 9.722493
230.701584, -259793.781250, -2262.395752, 9.895833
231.001587, -260472.500000, -2265.260254, 9.548340
231.301590, -261152.078125, -2268.281250, 10.069986
231.601593, -261832.562500, -2271.145752, 9.548340
231.901596, -262513.906250, -2274.166504, 10.069173
232.201599, -263196.156250, -2277.083252, 9.722493
232.501602, -263879.281250, -2280.000000, 9.722493
232.801605, -264563.281250, -2282.916504, 9.721680
233.101608, -265248.156250, -2285.937500, 10.069986
233.401611, -265933.937500, -2288.854004, 9.721680
233.701614, -266620.593750, -2291.666504, 9.375000
234.001617, -267308.093750, -2294.791504, 10.416666
234.301620, -267996.531250, -2297.604004, 9.375000
234.601624, -268685.812500, -2300.625000, 10.069986
234.901627, -269376.000000, -2303.541504, 9.721680
235.201630, -270067.062500, -2306.458252, 9.722493
235.501633, -270759.000000, -2309.375000, 9.722493
235.801636, -271451.812500, -2312.395752, 10.069173
236.101639, -272145.531250, -2315.208252, 9.375000
236.401642, -272840.093750, -2318.229004, 10.069173
236.701645, -273535.562500, -2321.250000, 10.069986
237.001648, -274231.937500, -2324.062500, 9.375000
237.301651, -274929.156250, -2327.083252, 10.069173
237.601654, -275627.281250, -2330.000000, 9.722493
237.901657, -276326.281250, -2332.916504, 9.721680
238.201660, -277026.156250, -2335.833252, 9.722493
238.501663, -277726.906250, -2338.854004, 10.069173
238.801666, -278428.562500, -2341.770752, 9.722493
239.101669, -279131.093750, -2344.687500, 9.722493
239.401672, -279834.500000, -2347.604004, 9.721680
239.701675, -280538.781250, -2350.520752, 9.722493
240.001678, -281243.937500, -2353.541504, 10.069173
240.301682, -281950.000000, -2356.458252, 9.722493
240.601685, -282656.937500, -2359.375000, 9.722493
240.901688, -283364.750000, -2362.291504, 9.721680
241.201691, -284073.437500, -2365.312500, 10.069986
241.501694, -284783.031250, -2368.229004, 9.721680
241.801697, -285493.500000, -2371.145752, 9.722493
242.101700, -286204.843750, -2374.062500, 9.722493
242.401703, -286917.062500, -2377.083252, 10.069173
242.701706, -287630.187500, -2379.895752, 9.375000
243.001709, -288344.156250, -2382.916504, 10.069173
243.301712, -289059.031250, -2385.937500, 10.069986
243.601715, -289774.812500, -2388.750000, 9.375000
243.901718, -290491.437500, -2391.770752, 10.069173
244.201721, -291208.968750, -2394.583252, 9.375000
244.501724, -291927.343750, -2397.604004, 10.069173
244.801727, -292646.625000, -2400.625000, 10.069986
245.101730, -293366.812500, -2403.437500, 9.375000
245.401733, -294087.843750, -2406.458252, 10.069173
245.701736, -294809.781250, -2409.375000, 9.722493
246.001740, -295532.593750, -2412.291504, 9.721680
246.301743, -296256.281250, -2415.312500, 10.069986
246.601746, -296980.875000, -2418.125000, 9.375000
246.901749, -297706.312500, -2421.145752, 10.069173
247.201752, -298432.656250, -2424.062500, 9.722493
247.501755, -299159.875000, -2427.083252, 10.069173
247.801758, -299888.000000, -2429.895752, 9.375000
248.101761, -300616.968750, -2432.916504, 10.069173
248.401764, -301346.843750, -2435.833252, 9.722493
248.701767, -302077.593750, -2438.750000, 9.722493
249.001770, -302809.218750, -2441.666504, 9.721680
249.301773, -303541.718750, -2444.687500, 10.069986
249.601776, -304275.125000, -2447.604004, 9.721680
249.901779, -305009.406250, -2450.520752, 9.722493
250.201782, -305744.562500, -2453.437500, 9.722493
250.501785, -306480.593750, -2456.458252, 10.069173
250.801788, -307217.531250, -2459.375000, 9.722493
251.101791, -307955.343750, -2462.291504, 9.721680
251.401794, -308694.031250, -2465.208252, 9.722493
251.701797, -309433.593750, -2468.125000, 9.722493
252.001801, -310174.031250, -2471.145752, 10.069173
252.301804, -310915.375000, -2474.062500, 9.722493
252.601807, -311657.593750, -2476.979004, 9.721680
252.901810, -312400.687500, -2480.000000, 10.069986
253.201813, -313144.687500, -2482.812500, 9.375000
253.501816, -313889.531250, -2485.833252, 10.069173
253.801819, -314635.281250, -2488.750000, 9.722493
254.101822, -315381.906250, -2491.666504, 9.721680
254.401825, -316129.406250, -2494.687500, 10.069986
254.701828, -316877.812500, -2497.500000, 9.375000
255.001831, -317627.062500, -2500.520752, 10.069173
255.301834, -318377.218750, -2503.541504, 10.069173
255.601837, -319128.281250, -2506.354004, 9.375000
255.901840, -319880.187500, -2509.270752, 9.722493
256.201843, -320632.968750, -2512.187500, 9.722493
256.501831, -321386.625000, -2515.104004, 9.721680
256.801819, -322141.156250, -2518.020752, 9.722493
257.101807, -322896.562500, -2520.937500, 9.722493
257.401794, -323652.843750, -2523.958252, 10.069173
257.701782, -324410.031250, -2526.770752, 9.375000
258.001770, -325168.062500, -2529.791504, 10.069173
258.301758, -325927.000000, -2532.708252, 9.722493
258.601746, -326686.812500, -2535.729004, 10.069173
258.901733, -327447.531250, -2538.541504, 9.375000
259.201721, -328209.093750, -2541.562500, 10.069986
259.501709, -328971.562500, -2544.479004, 9.721680
259.801697, -329734.906250, -2547.500000, 10.069986
260.101685, -330499.156250, -2550.312500, 9.375000
260.401672, -331264.250000, -2553.333252, 10.069173
260.701660, -332030.250000, -2556.250000, 9.722493
261.001648, -332797.125000, -2559.166504, 9.721680
261.301636, -333564.875000, -2562.083252, 9.722493
261.601624, -334333.500000, -2565.104004, 10.069173
261.901611, -335103.031250, -2568.020752, 9.722493
262.201599, -335873.437500, -2570.937500, 9.722493
262.501587, -336644.718750, -2573.854004, 9.721680
262.801575, -337416.875000, -2576.770752, 9.722493
263.101563, -338189.906250, -2579.791504, 10.069173
263.401550, -338963.843750, -2582.708252, 9.722493
263.701538, -339738.656250, -2585.625000, 9.722493
264.001526, -340514.343750, -2588.541504, 9.721680
264.301514, -341290.906250, -2591.562500, 10.069986
264.601501, -342068.375000, -2594.479004, 9.721680
264.901489, -342846.718750, -2597.395752, 9.722493
265.201477, -343625.937500, -2600.312500, 9.722493
265.501465, -344406.031250, -2603.333252, 10.069173
265.801453, -345187.031250, -2606.145752, 9.375000
266.101440, -345968.875000, -2609.166504, 10.069173
266.401428, -346751.625000, -2612.083252, 9.722493
266.701416, -347535.250000, -2615.104004, 10.069173
267.001404, -348319.781250, -2617.916504, 9.375000
267.301392, -349105.156250, -2620.937500, 10.069986
267.601379, -349891.437500, -2623.854004, 9.721680
267.901367, -350678.593750, -2626.770752, 9.722493
268.201355, -351466.625000, -2629.791504, 10.069173
268.501343, -352255.562500, -2632.708252, 9.722493
268.801331, -353045.375000, -2635.520752, 9.375000
269.101318, -353836.031250, -2638.645752, 10.416666
269.401306, -354627.625000, -2641.458252, 9.375000
269.701294, -355420.062500, -2644.479004, 10.069173
270.001282, -356213.406250, -2647.291504, 9.375000
270.301270, -357007.593750, -2650.312500, 10.069986
270.601257, -357802.687500, -2653.333252, 10.069173
270.901245, -358598.687500, -2656.145752, 9.375000
271.201233, -359395.531250, -2659.166504, 10.069173
271.501221, -360193.281250, -2662.083252, 9.722493
271.801208, -360991.906250, -2665.000000, 9.722493
272.101196, -361791.406250, -2667.916504, 9.721680
272.401184, -362591.781250, -2670.937500, 10.069986
272.701172, -363393.062500, -2673.750000, 9.375000
273.001160, -364195.187500, -2676.770752, 10.069173
273.301147, -364998.218750, -2679.791504, 10.069173
273.601135, -365802.156250, -2682.604004, 9.375000
273.901123, -366606.937500, -2685.625000, 10.069986
274.201111, -367412.625000, -2688.541504, 9.721680
274.501099, -368219.187500, -2691.458252, 9.722493
274.801086, -369026.625000, -2694.375000, 9.722493
275.101074, -369834.937500, -2697.395752, 10.069173
275.401062, -370644.156250, -2700.312500, 9.722493
275.701050, -371454.250000, -2703.229004, 9.721680
276.001038, -372265.218750, -2706.145752, 9.722493
276.301025, -373077.062500, -2709.062500, 9.722493
276.601013, -373889.781250, -2712.083252, 10.069173
276.901001, -374703.406250, -2715.000000, 9.722493
277.200989, -375517.906250, -2717.916504, 9.721680
277.500977, -376333.281250, -2720.833252, 9.722493
277.800964, -377149.531250, -2723.854004, 10.069173
278.100952, -377966.687500, -2726.770752, 9.722493
278.400940, -378784.718750, -2729.687500, 9.722493
278.700928, -379603.625000, -2732.604004, 9.721680
279.000916, -380423.406250, -2735.520752, 9.722493
279.300903, -381244.062500, -2738.541504, 10.069173
279.600891, -382065.625000, -2741.458252, 9.722493
279.900879, -382888.062500, -2744.375000, 9.722493
280.200867, -383711.375000, -2747.291504, 9.721680
280.500854, -384535.562500, -2750.312500, 10.069986
280.800842, -385360.656250, -2753.229004, 9.721680
281.100830, -386186.625000, -2756.145752, 9.722493
281.400818, -387013.468750, -2759.062500, 9.722493
281.700806, -387841.187500, -2761.979004, 9.721680
282.000793, -388669.781250, -2765.000000, 10.069986
282.300781, -389499.281250, -2767.916504, 9.721680
282.600769, -390329.656250, -2770.833252, 9.722493
282.900757, -391160.906250, -2773.750000, 9.722493
283.200745, -391993.031250, -2776.770752, 10.069173
283.500732, -392826.062500, -2779.687500, 9.722493
283.800720, -393659.968750, -2782.604004, 9.721680
284.100708, -394494.750000, -2785.520752, 9.722493
284.400696, -395330.406250, -2788.437500, 9.722493
284.700684, -396166.937500, -2791.458252, 10.069173
285.000671, -397004.375000, -2794.375000, 9.722493
285.300659, -397842.687500, -2797.291504, 9.721680
285.600647, -398681.875000, -2800.208252, 9.722493
285.900635, -399521.937500, -2803.229004, 10.069173
286.200623, -400362.906250, -2806.145752, 9.722493
286.500610, -401204.750000, -2809.062500, 9.722493
286.800598, -402047.468750, -2811.979004, 9.721680
287.100586, -402891.062500, -2814.895752, 9.722493
287.400574, -403735.531250, -2817.916504, 10.069173
287.700562, -404580.906250, -2820.833252, 9.722493
288.000549, -405427.156250, -2823.750000, 9.722493
288.300537, -406274.281250, -2826.666504, 9.721680
288.600525, -407122.281250, -2829.687500, 10.069986
288.900513, -407971.187500, -2832.604004, 9.721680
289.200500, -408820.968750, -2835.520752, 9.722493
289.500488, -409671.625000, -2838.437500, 9.722493
289.800476, -410523.156250, -2841.354004, 9.721680
290.100464, -411375.562500, -2844.375000, 10.069986
290.400452, -412228.875000, -2847.291504, 9.721680
290.700439, -413083.062500, -2850.208252, 9.722493
291.000427, -413938.125000, -2853.125000, 9.722493
291.300415, -414794.062500, -2856.145752, 10.069173
291.600403, -415650.906250, -2858.958252, 9.375000
291.900391, -416508.593750, -2861.979004, 10.069173
292.200378, -417367.187500, -2865.000000, 10.069986
292.500366, -418226.687500, -2867.812500, 9.375000
292.800354, -419087.031250, -2870.833252, 10.069173
293.100342, -419948.281250, -2873.750000, 9.722493
293.400330, -420810.406250, -2876.666504, 9.721680
293.700317, -421673.406250, -2879.583252, 9.722493
294.000305, -422537.281250, -2882.500000, 9.722493
294.300293, -423402.031250, -2885.520752, 10.069173
294.600281, -424267.687500, -2888.437500, 9.722493
294.900269, -425134.218750, -2891.354004, 9.721680
295.200256, -426001.625000, -2894.375000, 10.069986
295.500244, -426869.937500, -2897.187500, 9.375000
295.800232, -427739.093750, -2900.208252, 10.069173
296.100220, -428609.156250, -2903.125000, 9.722493
296.400208, -429480.093750, -2906.145752, 10.069173
296.700195, -430351.937500, -2908.958252, 9.375000
297.000183, -431224.625000, -2911.979004, 10.069173
297.300171, -432098.218750, -2914.895752, 9.722493
297.600159, -432972.687500, -2917.812500, 9.722493
297.900146, -433848.031250, -2920.833252, 10.069173
298.200134, -434724.281250, -2923.645752, 9.375000
298.500122, -435601.375000, -2926.666504, 10.069173
298.800110, -436479.375000, -2929.583252, 9.722493
299.100098, -437358.250000, -2932.500000, 9.722493
299.400085, -438238.000000, -2935.520752, 10.069173
299.700073, -439118.656250, -2938.437500, 9.722493
